"uniprot","main_gene","protein_name","V3_1","V3_2","V3_3","V3_4","V9_1","V9_2","V9_3","V9_4","V15_1","V15_2","V15_3","V15_4","V21_1","V21_2","V21_3","V21_4","pval","Phase","Amplitude"
"A2A5R2","Arfgef2","Brefeldin A-inhibited guanine nucleotide-exchange protein 2",701231.967804548,771588.440272767,727970.873122982,770805.718856658,799830.626959096,700071.210164121,710355.65477176,760949.146682227,797058.462379467,761047.280585758,830431.635998763,849615.131909002,786116.931971892,788791.811441493,780671.754204841,812420.020523041,0.0492010126826746,17.68,30521
"A2AG50","Map7d2","MAP7 domain-containing protein 2",207624.498015645,267896.874247175,262792.107031908,254460.554088077,276492.541439335,268872.484965545,285350.161849459,273122.892540046,313229.125117142,287928.463018321,266916.642016442,303901.535106222,288080.202249351,272657.148029704,311504.407521865,313470.437484383,0.0442516556408812,16.63,15821
"A2AP18","Plch2","1-phosphatidylinositol 4,5-bisphosphate phosphodiesterase eta-2",174277.966516841,182684.897321397,191863.451002304,204529.141917563,194048.078603065,187510.363722098,192790.269189111,210051.262857388,175336.265080588,208522.574526069,206482.64744741,181993.868688747,167520.130634595,176927.306555317,147298.348614098,171182.759193547,0.0480399833261929,10.41,12292
"A2ASQ1","Agrn","Agrin;Agrin N-terminal 110 kDa subunit;Agrin C-terminal 110 kDa subunit;Agrin C-terminal 90 kDa fragment;Agrin C-terminal 22 kDa fragment",411306.286692861,483828.258736099,460084.263670503,465436.648165509,475257.897655395,476699.863276303,447531.414502602,449652.266248546,476922.577292501,467769.97162922,472098.813330749,489599.740520052,477845.724728167,483975.504075308,514226.45267189,489993.567119814,0.0480399833261929,20.4,11350
"B1AR13","Cisd3","CDGSH iron-sulfur domain-containing protein 3, mitochondrial",61083.2491378065,83262.560290953,72340.3204909469,85759.2067668347,83088.6957816728,70997.2602176368,72757.8190687434,71675.7624057552,89809.4812054647,98905.2726774472,97895.8693827004,97937.6386975842,88413.3360094083,91251.5458902593,110365.886527503,94208.0109222324,0.0402483458105069,18.34,9304
"B7ZMP1","Xpnpep3","Probable Xaa-Pro aminopeptidase 3",62227.4975790223,59780.494765174,68903.6166200638,67577.9102608238,62145.4567771734,64451.4297140807,52535.3790360661,67974.3696804329,70128.8831438965,71913.5141463831,65095.7191751953,69868.5149973175,60088.1695515742,60856.162221942,57136.5837750473,58925.5048233503,0.0492010126826746,14.4,2529
"B9EKI3","Tmf1","TATA element modulatory factor",39807.9674600097,41994.1140299177,41234.0289688341,40785.8961739996,44209.3907622978,38638.982861661,42349.5325564966,42109.0904076673,47384.5346070327,43693.1396035933,44456.2721950491,42887.3346135978,44867.5825794536,49546.3008867103,45809.5607772223,50184.0061562058,0.0402483458105069,18.99,2138
"E9Q5C9","Nolc1","",67639.4710846318,81147.9529903674,78867.5417657181,87589.1031029594,88324.8118055048,76008.8866939623,81791.1606062843,80193.100698871,88323.0343533464,90499.6461123103,92370.5620070638,91459.9029246498,81484.9134959541,83753.4219169516,88990.4699908231,81684.7742286236,0.0456322718001179,15.76,5057
"O08550","Kmt2b","Histone-lysine N-methyltransferase 2B",1403.8472569125,2679.34091551787,1656.91201920921,2333.09163023539,2016.79589865787,2003.89859962612,3371.59510495038,3172.42931882659,3342.19411046717,2944.90160120793,3944.65171757321,3247.71371479835,2521.5962343767,2923.30973112503,2866.93344935026,2247.65517585685,0.0492010126826746,15.13,561
"O09044","Snap23","Synaptosomal-associated protein 23",194142.034013315,220405.287860144,182216.850208857,198619.790456122,195837.560482197,195279.253573016,191298.534056201,180938.457255959,213825.915268383,199543.798424165,202404.207103433,201175.592713136,203998.020191772,224842.770829139,257872.871769607,208625.993630913,0.0402483458105069,21.09,11963
"O35143","Atpif1","ATPase inhibitor, mitochondrial",46289.5448947948,55811.9324548572,60518.2462654114,64478.8413041936,79821.3051509095,49419.7091423641,51037.0389284674,52006.1124963748,104815.901608624,84293.088462258,80240.4676990768,119646.462207845,77174.3978958792,76820.1237250072,50443.2968497719,69964.7501634004,0.0456322718001179,16.48,21737
"O35345","Kpna6","Importin subunit alpha-7",55019.440052149,67860.6034183128,62085.7477149957,56820.0301135165,61674.6538016144,60136.5339687593,60549.3957024065,58646.5295148326,68062.24905305,66847.0942526075,71473.2510212798,72215.78170802,61895.6589112534,66438.0228370908,78011.8906757108,70340.0132720002,0.0480399833261929,18.13,4161
"O35449","Prrt1","Proline-rich transmembrane protein 1",57282.3881695919,58633.4485443901,73440.8287497431,67910.7812337963,80979.8137271237,78446.3901049047,72693.8731631341,70562.6332877191,70030.8081163645,74997.7053134445,65852.1027624283,61541.0583041445,63692.6035809673,58039.8972778128,53669.8615891103,61876.8702756016,0.0456322718001179,10.5,7282
"O35643","Ap1b1","AP-1 complex subunit beta-1",2414900.45966905,2652449.17555991,2729332.26815885,2623846.0384386,2594725.61037277,2619403.94432642,2545138.99631013,2619890.22142099,2608884.21796004,2412148.90753775,2560149.93032946,2583116.56018754,2654905.70493654,2611376.19957981,2669233.94563036,2797002.06826432,0.0480399833261929,0.25,47982
"O35684","Serpini1","Neuroserpin",329702.179640806,334104.135700214,324381.862035935,352009.70183523,364393.352990943,348919.598929078,355430.723492606,356091.679712058,322682.000219951,321840.138599978,365294.012474109,342281.756020324,313245.393338805,344806.844929389,252398.554095384,321537.122554771,0.0480399833261929,10.01,19166
"O35874","Slc1a4","Neutral amino acid transporter A",209373.081024249,229074.724080762,208771.15644739,232598.994082625,249270.528336777,243058.328315139,254681.639925079,228334.370408479,265741.578562507,287382.30854767,248922.899814807,272806.534039169,213529.152342538,237777.912089094,237681.964078101,278389.108698642,0.0456322718001179,14.79,20465
"O35973","Per1","Period circadian protein homolog 1",3616.88512732508,2922.85069091756,2884.48241082024,3159.40373077592,2686.28413436443,1754.60012881516,1696.63731406807,1914.09320156441,2464.9251699783,2175.22688703385,2164.32810301936,2605.79911868765,2983.93109322191,3252.15022522909,3934.66016938197,2708.79057033991,0.0402483458105069,23.16,646
"O54824","Il16","Pro-interleukin-16;Interleukin-16",2768.56329694723,2902.16015907557,2607.076500487,2905.6729450295,3296.36270041797,3092.58815736945,3023.99188862719,2991.45832476117,3398.53875181211,3314.22338137824,4193.38907379852,3399.85741593542,3126.72038648964,3070.15759359308,3014.70493832161,3344.87288463181,0.0402483458105069,14.58,325.9
"O54865","Gucy1b3","Guanylate cyclase soluble subunit beta-1",1216124.1543212,1370959.86521166,1256761.19486142,1290265.09116385,1177700.80835744,1282232.2022391,1168547.69310518,1262550.11274485,1254076.09008019,1160137.32172998,1292947.46800827,1209252.66984711,1121158.93006714,1147665.76607149,928005.538098439,1208960.08602213,0.0492010126826746,7.93,47809
"O55229","Chkb","Choline/ethanolamine kinase",126278.670411545,153080.835302213,148282.955452708,141870.190355115,157236.766579299,151315.868911198,139914.437137543,156716.334710388,175625.260183818,161167.609761804,163909.675020586,157570.551783879,154732.434493934,155852.19479335,167171.443593318,167569.808305734,0.0442516556408812,16.59,7710
"O70325","Gpx4","Phospholipid hydroperoxide glutathione peroxidase, mitochondrial",656606.957232144,740756.117770485,715745.795253136,740828.829894988,750518.760030231,771126.956124267,739631.254415411,758199.538904028,758292.51274362,769914.707525982,760523.643934868,808033.379153033,741297.857992004,800556.946140345,1009189.24667505,786512.443883418,0.0442516556408812,18.45,34627
"O70456","Sfn","14-3-3 protein sigma",192906.184485306,246275.682244446,209147.635137738,277487.154685696,289261.213343873,247735.747382339,626967.640893896,244821.150585378,435908.974701577,422334.454676912,413868.348990982,405626.246669666,383030.99691655,307430.767150573,241042.004626453,280437.086745646,0.0456322718001179,14.52,83648
"O88196","Ttc3","E3 ubiquitin-protein ligase TTC3",138875.416360577,165339.004827171,150112.65429376,156180.524510074,167521.063476604,172688.412955185,176829.59561085,184082.064910983,158555.226360259,162832.340497858,155646.795006237,158481.616583718,136989.735858276,153021.446113925,132103.702207258,183024.923028604,0.0480399833261929,10.5,11272
"O88520","Shoc2","Leucine-rich repeat protein SHOC-2",153018.249911929,162085.454951878,159996.517028428,152682.832842106,160067.423472028,156230.496540018,158664.491122035,164660.535154584,159262.927839654,149511.320736298,154254.239553264,138257.420104854,140461.489270078,147684.860349582,118275.202999311,157712.876461153,0.0492010126826746,8.44,6472
"O88703","Hcn2","Potassium/sodium hyperpolarization-activated cyclic nucleotide-gated channel 2",311715.057606638,400379.008475091,386033.082271678,336156.789060748,352509.082607519,414692.2646475,424920.879342272,417914.116306291,424861.689058972,392199.644693281,355446.230340815,411900.87415603,463020.710420249,413832.621247079,612582.050829603,498191.16670958,0.0492010126826746,19.69,36510
"O88983","Stx8","Syntaxin-8",89019.4462619399,99480.5756692767,99847.4462314681,89561.5881425255,106947.257119699,95697.2772514259,95487.2266760217,102037.57442287,104061.44671555,106352.120008663,106216.201403547,101992.020975667,101794.41380789,93615.9280128347,94533.0052962832,101850.098336553,0.0456322718001179,14.31,4490
"O89050","Mkln1","Muskelin",69466.0485622332,79243.9783160197,72034.8956254943,70133.4811368264,69571.5558595048,68646.3557120832,71048.0924290559,73210.6133098612,64361.2923916132,66483.5997737397,69683.8834980642,66161.2551249579,66131.1422879553,65918.6034207862,62265.6055791416,63192.3610061513,0.0402483458105069,6.47,3046
"O89116","Vti1a","Vesicle transport through interaction with t-SNAREs homolog 1A",18555.9100107084,25758.9991038305,25260.8025995086,27401.8598882611,28908.7941341012,24426.6437283402,24509.5662252583,23589.8411788715,32495.1613411491,34291.5358008175,32834.567052959,32763.7976795711,26447.9235703866,25841.1738210553,22993.8057899374,28396.0880940697,0.0492010126826746,19.07,4707
"P00397","Mtco1","Cytochrome c oxidase subunit 1",172585.920386649,202611.345277718,195634.081936879,182390.215154701,220789.853710871,216156.312838965,181613.01509123,204783.4196644,191394.983477081,197051.673713273,218986.736873485,226130.753959851,219005.54407228,228119.972832718,223514.619337318,217028.321587601,0.0492010126826746,17.77,9017
"P05622","Pdgfrb","Platelet-derived growth factor receptor beta",41434.9722054091,50717.8042839488,46494.442704947,54796.4119008572,59801.9323933853,43061.415065428,49659.2940954797,49306.2980545965,71205.2222890144,54251.8071426309,62798.7734962961,73588.3040474217,67633.9961924268,55095.171058709,64695.7293910079,51486.884474234,0.0456322718001179,17.06,7250
"P08122","Col4a2","Collagen alpha-2(IV) chain;Canstatin",25916.9233754479,23722.0823658632,24619.1931577713,23548.8384999426,82341.82516847,20287.4367985695,25243.0014320071,25899.6685666105,19257.0936230465,21969.9173259369,18903.5728930423,19799.2792534121,21363.3103119441,23342.9993384089,16397.2730042783,12589.1590770073,0.0456322718001179,8.3,10410
"P12023","App","Amyloid beta A4 protein;N-APP;Soluble APP-alpha;Soluble APP-beta;C99;Beta-amyloid protein 42;Beta-amyloid protein 40;C83;P3(42);P3(40);C80;Gamma-secretase C-terminal fragment 59;Gamma-secretase C-terminal fragment 57;Gamma-secretase C-terminal fragment 50;C31",383348.860116223,505907.917289475,451871.877289047,467086.518476077,513177.207830819,451239.349633133,440208.254407697,429964.616368856,545633.591037992,519587.313063239,561227.241707431,566880.875531898,529084.415612749,525472.005564617,415037.01104529,517385.483154207,0.0456322718001179,16.48,43516
"P13595","Ncam1","Neural cell adhesion molecule 1",2887437.8099911,3489980.67556305,3201037.21750884,3444996.20571847,3396339.68629965,3067464.86552787,3837261.16119859,3569007.45298139,3758532.22181841,4006690.48945385,4085270.81534283,3718370.3148186,3033703.21509319,3659432.76883409,3050279.46245231,3522161.79166166,0.0480399833261929,14.28,314270
"P18654","Rps6ka3","Ribosomal protein S6 kinase alpha-3",35011.4162029597,60785.712298335,50528.4988392662,49739.5515271268,59512.1950293425,45334.9998170984,45230.287874355,49664.687861406,67166.1546710329,65891.5612739385,73706.252403157,70665.2625858448,60160.247468103,60783.4585513901,56786.8061134691,58398.0526091946,0.0402483458105069,16.83,9309
"P21107-2","Tpm3","Tropomyosin alpha-3 chain",642547.387935694,697082.072893819,727921.800307957,709758.922844153,765727.938614091,694488.751197112,727649.012603992,707633.230627363,779141.731111742,785408.50967617,739975.8089856,751131.440066107,729688.351973091,685023.673793023,637566.815988263,690487.198353896,0.0456322718001179,13.43,36392
"P22682","Cbl","E3 ubiquitin-protein ligase CBL",185940.479229269,215623.099830624,207149.286716223,215063.347461212,218660.121049697,210990.287116922,209490.29161288,219458.284553816,205445.028369955,214108.162296529,194928.747683032,185128.370805597,195745.661996589,202759.437303795,180027.372927462,200123.105880126,0.0492010126826746,8.6,8035
"P24549","Aldh1a1","Retinal dehydrogenase 1",1854512.89298359,2179634.76428369,2042721.7322871,1894280.77039361,1676854.98003455,1590598.93178934,1916095.66404025,2012583.0110247,2043152.66639566,1761466.84977675,1818451.88913885,1904893.98941858,2111451.65605982,2062848.95195295,3478199.63120861,2193993.36453367,0.0456322718001179,22.57,270841
"P26043","Rdx","Radixin",1035614.70022197,1169760.83111221,1087013.57462272,1191052.31089224,1197512.70569496,1119413.65143019,1226883.29707349,1127144.67941708,1218883.61858044,1285726.67298279,1121089.59386334,1273750.97366385,1205983.19050347,1262892.79529539,1498585.42485067,1222948.14131823,0.0492010126826746,18.61,53895
"P26350","Ptma","Prothymosin alpha;Prothymosin alpha, N-terminally processed;Thymosin alpha",14933.3224852767,17598.3875784985,15240.4925726803,22436.8610121723,22637.2580781767,17568.3787662272,18988.374095943,17134.1564303249,28135.8612105176,30661.4367798663,35546.3294756908,28564.2032279749,22971.4597345513,30247.6335444235,21572.5062581858,21258.9105763242,0.0402483458105069,16.77,5864
"P29788","Vtn","Vitronectin",36602.3149668237,22590.4214618821,23137.8820104299,22982.5703312434,21136.0853124776,22938.0748030071,24854.080195012,22873.8027063649,23757.3400253005,26014.4242028217,23259.8309352926,28799.8424544675,29227.2308961382,30883.0223854737,27514.9522606456,26278.8066665378,0.0456322718001179,21.91,2387
"P30275","Ckmt1","Creatine kinase U-type, mitochondrial",2134811.35343948,2631284.53390417,2455994.04442954,2593380.86858572,2565318.82675605,2434803.69835242,2573798.13145754,2558504.07355903,2404152.33498311,2394282.80884544,2534656.89823528,2195368.61359284,2736045.40472219,2531828.39879062,2668440.39603504,2704677.72270825,0.0492010126826746,0.3,60892
"P32648","Vip","VIP peptides;Intestinal peptide PHI-42;Intestinal peptide PHI-27;Vasoactive intestinal peptide",69985.965215665,74598.9767624734,68639.5500138627,68483.7615316956,80162.921499158,83429.9725968548,69222.6599009245,76543.3857139155,76024.7947919051,75536.5544404288,77649.9711729705,69251.0783591173,62850.6272744178,70725.5738329429,33662.1647667589,66564.6706069724,0.0442516556408812,10.54,8036
"P33175","Kif5a","Kinesin heavy chain isoform 5A",261273.975678137,298444.759053027,294693.558272629,303156.440081964,322742.18141304,315312.054219771,344238.186249272,332259.126984286,310672.420258845,330886.184506995,304930.656675063,312080.633496756,291641.255557734,287096.111068191,315191.426531235,328380.988226579,0.0456322718001179,12.23,15643
"P35276","Rab3d","Ras-related protein Rab-3D",73249.5249585031,84012.994558511,85006.4309585029,87857.8685504202,90456.019436243,92337.7131646509,87203.3075383487,86156.6937419414,83617.9313061013,84455.2451226198,90392.5760827689,79607.1546465471,83088.5862809317,78831.069227838,74892.2196229445,82534.2813274353,0.0480399833261929,10.47,4087
"P39054","Dnm2","Dynamin-2",146269.060315451,145375.198633346,187994.552476845,157262.522800401,238743.811070128,173719.943506541,275696.559394605,140624.842946854,261941.600555878,201751.85632302,205943.307802261,312359.553658544,187496.220203501,194834.235928394,165789.875468503,172533.99996196,0.0492010126826746,14.26,39885
"P39087","Grik2","Glutamate receptor ionotropic, kainate 2",81432.7230387272,91759.8868955355,94532.410199325,98130.8551471093,95155.5002424611,87096.5257504559,81904.1572077483,92263.0587799605,84947.6012274301,90914.6970648867,81501.6430915236,83677.6879200757,84630.01699009,79632.138509847,80813.5032291201,76730.0805235129,0.0492010126826746,7.1,3465
"P42932","Cct8","T-complex protein 1 subunit theta",1778015.11947011,2120450.39465281,2124543.0058366,2199439.34637903,2277001.75944401,2183236.36058642,2019372.86980802,2198617.63375152,2259427.6813633,2432396.20301046,2345766.6588119,2394055.2857626,2219782.67655101,2238110.2540498,2251226.64814761,2328244.45505032,0.0402483458105069,16.03,113128
"P46471","Psmc2","26S protease regulatory subunit 7",1334188.81730014,1362903.64207826,1453145.37687117,1457950.6399535,1461448.81469292,1507974.22170355,1508921.30103554,1424257.55839431,1422230.48115504,1487720.2343789,1452156.45351685,1363223.60571403,1396323.65665651,1331381.73508108,1241767.84056666,1377949.08031977,0.0456322718001179,10.44,59365
"P48722","Hspa4l","Heat shock 70 kDa protein 4L",1440549.12723606,1635553.62220622,1565744.98953665,1741753.14983439,1541225.63884631,1563506.77397947,1653301.14537965,1570061.32305677,1741152.6974104,1693665.87333057,1646678.16996282,1679631.78995343,1712148.27549499,1837495.39039515,1827363.13429053,1959368.39972217,0.0442516556408812,20.12,87664
"P50427","Sts","Steryl-sulfatase",15978.3030458609,16572.0539776689,17563.1914830232,17455.1713405728,18091.3006438144,17310.7889451009,19536.4355461249,16879.8625624018,19895.8465670124,23970.0401595855,23255.9989087412,19013.5745770452,17632.8835204234,19036.3774095713,18830.6996452811,21795.0913312619,0.0402483458105069,16.33,1921
"P51150","Rab7a","Ras-related protein Rab-7a",2919518.57454816,3103773.32705255,3260125.51050738,3212360.58510188,3138271.67934034,3171291.23525055,3143118.14265934,3143313.92462142,3078688.94166405,3119104.27866862,3065647.05297421,3086534.88438558,3085756.04520746,3000279.14732394,2711689.10091385,2893001.63430699,0.0456322718001179,9.26,79608
"P52480","Pkm","Pyruvate kinase PKM",4380347.05590197,5468702.70012243,4997778.87652845,5145706.77033146,5616350.53445323,5087545.31309525,5078268.35934325,5234466.2094433,5566941.79387289,5916620.39509874,5676505.38004076,5919929.71184974,5522904.88103814,5493395.73462431,5641534.0396528,5770206.92792411,0.0402483458105069,16.59,274072
"P52875","Tmem165","Transmembrane protein 165",33805.031229129,34149.94944499,40359.0057980867,44370.9337707278,33703.2538433495,39570.9084921439,37410.8688637077,33670.8031093313,46068.5586143056,45946.5555615258,44269.5723258945,41750.358442019,39704.6859671263,35001.602935256,48046.3486005311,38606.666269323,0.0492010126826746,17.6,4646
"P53668","Limk1","LIM domain kinase 1",39058.6365184408,54896.7513199833,47328.6683730759,44918.3479112736,50858.3940726221,50898.1044720224,61501.7688958224,54450.3384274348,51450.0445480608,69862.1239905066,51787.6809408632,58739.1630329427,52858.2662574198,57034.8102527052,94022.9867252079,69118.7402868082,0.0492010126826746,18.1,6210
"P56382","Atp5e","ATP synthase subunit epsilon, mitochondrial",99342.7431993986,132719.090700596,133065.550662114,144764.284779737,158139.997518672,124246.178354552,121097.88939481,129649.496433844,200871.642950904,167075.66898667,169649.85731465,189035.711281207,211844.394173796,170401.331224643,156983.583711941,137877.355407472,0.0456322718001179,17.31,22668
"P58389","Ppp2r4","Serine/threonine-protein phosphatase 2A activator",962438.445481027,1297799.16129109,1184393.40907428,1197302.04814107,1321879.78654222,1151564.29170126,1195185.88696501,1258879.57833105,1369329.77534704,1354157.43880298,1345126.15524773,1458349.32005188,1153641.44373325,1302270.35505499,1491520.50499979,1361424.54843896,0.0492010126826746,16.43,80570
"P60670","Nploc4","Nuclear protein localization protein 4 homolog",329965.569053346,358974.800824072,360027.124089255,360598.166837684,382242.694321575,382451.465914974,390162.639813755,377531.231731911,381178.710601401,379008.962920613,384270.327000555,352711.88800513,355011.160065403,376715.758852295,367968.942834481,375989.401122934,0.0456322718001179,12.69,11760
"P61290","Psme3","Proteasome activator complex subunit 3",205332.45071832,203676.315871185,208414.492022529,200769.947235538,210941.439503685,209948.338832171,233519.452801077,209017.080665191,213193.410828159,220412.938365072,230627.765009231,207698.140853162,209507.859592615,204765.998099211,213461.297902556,205320.986625842,0.0492010126826746,13.15,6822
"P61809","Cdk5r1","Cyclin-dependent kinase 5 activator 1;Cyclin-dependent kinase 5 activator 1, p35;Cyclin-dependent kinase 5 activator 1, p25",9485.5073609422,10188.5521552976,15523.2246729067,12233.5539683577,13783.7306795649,19349.8254772298,19102.101609832,13689.8532896185,26577.7787956669,16283.3034019983,20063.4796032715,26583.1202738427,20442.3962831178,18035.8721897487,14530.3062531665,27010.2582591236,0.0456322718001179,16.04,3770
"P62257","Ube2h","Ubiquitin-conjugating enzyme E2 H",146784.438550028,165116.122183084,156630.895515264,155845.589148853,157478.540687556,161507.220067948,149755.848372012,167118.899759014,153498.21514609,152730.990226095,153409.473397243,148022.575980752,171991.441332241,169278.723988169,168051.984702707,168090.823175458,0.0480399833261929,23.56,4447
"P62309","Snrpg","Small nuclear ribonucleoprotein G",114126.889674019,124435.139942024,88029.4060713512,153444.363833587,132283.130445256,136894.626562188,140577.027284592,122242.568777988,159154.015106167,204781.159576978,181068.461154446,155470.710748211,166509.59712265,163008.075379032,122544.010138977,160484.171547537,0.0456322718001179,16.26,22432
"P62334","Psmc6","26S protease regulatory subunit 10B",756726.992056801,832009.937307946,820190.40688695,830421.410009459,840628.922439788,865089.445448543,847743.867954465,848457.5607405,841165.260997933,867601.146442509,934116.941817123,846304.954486805,854915.981130457,825272.350617154,757567.363738459,807451.683361508,0.0492010126826746,13.11,32770
"P62827","Ran","GTP-binding nuclear protein Ran",1655703.46061683,1799086.13702205,1621719.30429713,1743828.63878119,1539037.11294166,1563287.25740357,1710639.06080263,1656333.7830763,1734331.20937837,1632473.94378375,1664017.49955003,1601779.9553677,1764161.33895359,1889519.48669865,1964167.34633037,1671994.49511026,0.0492010126826746,22.66,87890
"P70380","Il18","Interleukin-18",22641.5937012962,25954.6881658789,23902.5380649761,24200.3392227091,26540.9885999714,26483.0373251224,25612.2385064969,24871.1560853279,24522.230409727,25350.4683337039,25024.4991387741,25258.7318799485,22163.6076675375,22411.8933271725,18430.1923994083,22671.7181143603,0.0402483458105069,10.1,1862
"P70398","Usp9x","Probable ubiquitin carboxyl-terminal hydrolase FAF-X",1031156.97182606,1183061.39025235,1096712.09759506,1227877.78214683,1227461.0728583,1099779.61484052,1153981.49572176,1149746.67872268,1338877.57919026,1264162.14320486,1280139.37701067,1387729.14209969,1185710.07386421,1210143.39623651,1102469.68068151,1228160.73300241,0.0456322718001179,15.59,94589
"P70404","Idh3g","Isocitrate dehydrogenase [NAD] subunit gamma 1, mitochondrial",1237757.45995933,1516078.44170046,1341374.88289672,1428371.59783723,1480027.77047042,1270517.48315448,1339778.3820065,1382453.47742484,1607843.94363214,1518560.45390009,1554392.55973219,1628471.07980848,1434083.15132695,1464900.48096182,1542393.8023679,1540173.3100982,0.0402483458105069,17.38,93299
"P70425","Rit2","GTP-binding protein Rit2",47521.3658740109,48844.7614918905,53456.4629331612,54119.4256378308,53680.3395787782,52380.0106319243,54084.6899474542,59618.8818077035,55070.269368863,65565.9302173243,53324.1276841484,59497.6421866595,55152.600111456,61910.3420462834,61075.0921019336,63522.7053908454,0.0456322718001179,17.62,2924
"P97315","Csrp1","Cysteine and glycine-rich protein 1",495728.457281943,597574.148250698,576912.095974638,585957.224700778,618878.564921049,601197.179497769,651283.345029677,549645.822019041,623418.961879937,588211.590007279,531346.306915623,692181.401838211,667684.138487271,645035.02441254,849730.22214501,712008.456245923,0.0480399833261929,19.9,42931
"P97372","Psme2","Proteasome activator complex subunit 2",292853.305103688,295658.267463869,308076.056297631,301921.015221943,306701.11177149,309381.382738071,356173.22638799,335912.127044935,309717.218540699,335061.575658348,320359.590803831,303382.016235584,261787.843740173,294774.1012622,289578.35146766,327812.542877792,0.0480399833261929,11.32,454863
"P98203","Arvcf","Armadillo repeat protein deleted in velo-cardio-facial syndrome homolog",156331.214936141,174398.02929939,157113.067681076,159445.128587664,165954.769605371,165691.597772865,163553.521707978,173182.328701044,181654.526488519,164861.947973785,186065.126778966,188439.380362326,169665.098310484,161613.732880262,159866.678577011,157639.834604248,0.0456322718001179,14.23,9108
"P99024","Tubb5","Tubulin beta-5 chain",3092127.35699955,3515197.98844727,3651292.19634056,3756339.16628246,3599785.32246476,3577702.71175852,3506567.39060502,3494221.04038028,3476384.65138737,3478511.83688981,3527905.92643466,3521821.95426919,3418207.44329161,3289052.44518966,2498865.20616178,3210121.32096159,0.0492010126826746,9.86,160991
"Q03157","Aplp1","Amyloid-like protein 1;C30",152833.157560877,165802.51359132,172561.987916172,170332.116570239,178577.742257512,170113.740836677,173402.558214724,180635.676473929,176315.728759932,172593.151982683,167426.320242443,168611.407843771,163912.253472358,163903.490000355,124443.025184458,165831.851956669,0.0402483458105069,10.79,9288
"Q0VBF8",NA,"Protein stum homolog",139983.709917355,144710.556355765,170799.954296706,163220.53438894,164451.698068285,159895.095296172,146431.909084593,151988.215457991,143208.737626005,165750.374205334,142522.72167317,128128.055950809,133666.672124413,134453.07939764,71273.4502513016,136123.209213388,0.0492010126826746,8.8,12692
"Q1HKZ5","Map3k13","Mitogen-activated protein kinase kinase kinase 13",30576.4325890146,29213.3660241112,31862.134858746,30247.1833255559,27701.5898099561,24976.5226004031,26073.1402449227,34793.4164147736,28963.8031573953,28123.4938809587,28959.7840230887,25366.9654399918,30036.7937126094,28447.3441876418,29439.851494324,29779.3906040239,0.0492010126826746,1.26,1222
"Q3TBW2","Mrpl10","39S ribosomal protein L10, mitochondrial",46307.7018876995,62670.762994997,64588.4590069437,58956.7090730051,64888.7448777139,65475.4741663731,69585.3271201602,69176.7124376136,67032.7818401819,87687.4030212517,83881.8659445779,76483.5962773532,77544.6200628723,58723.7339046901,57007.4394846007,65582.4647568002,0.0456322718001179,14.51,9288
"Q3THG9","Aarsd1","Alanyl-tRNA editing protein Aarsd1",181638.211421759,231440.293400446,204518.814355223,220351.809784651,220899.245710911,208757.329960239,247833.678200856,226498.793429912,238576.225974258,242882.452408328,240642.352513326,259123.264818474,225813.667714258,230675.643586461,294453.77853335,238377.165825794,0.0456322718001179,17.01,12726
"Q3TPE9","Ankmy2","Ankyrin repeat and MYND domain-containing protein 2",168264.078300633,181804.275644818,178036.822021527,174896.33403049,193397.545737347,191432.507143544,175898.547556522,186054.250701792,174948.19782385,190423.795924545,156165.638846218,172277.571664785,166081.60173295,174724.390370506,151109.052880021,173251.084444416,0.0480399833261929,9.22,8361
"Q3TWW8","Srsf6","Serine/arginine-rich splicing factor 6",114205.520467212,129086.096104448,118644.908283576,125972.791509593,117162.852760724,108893.706214721,126363.228412285,110732.041938388,138019.261516868,131686.104843491,142527.63147124,134662.665357512,118490.389137041,127074.918237556,133355.982797045,117891.083809338,0.0442516556408812,17.51,10725
"Q3TYS2",NA,"Uncharacterized protein C17orf62 homolog",14928.9285305921,14179.2731633933,14690.9504093755,14708.5711418566,13657.66033799,15942.9838309141,14284.3868188077,14949.0435329779,18047.5006588085,19006.1740047641,15568.7285900078,14485.1169903046,17741.2133376836,16063.0366391029,20620.0686980161,17617.3915695646,0.0492010126826746,19.27,1182
"Q3U2I3","Fam160a2","FTS and Hook-interacting protein",40974.1332924188,49154.9179446365,40585.3657698189,44406.5177977706,51055.0343608133,46071.9883525187,44987.8355332338,45463.8560584875,39880.1951790386,43133.4079556538,45017.488202923,41785.5115020208,39225.2224070328,37879.2290196761,30472.4740884325,37344.274144124,0.0402483458105069,9.38,3960
"Q3UGP9","Lrrc58","Leucine-rich repeat-containing protein 58",22466.9500938064,29748.4524916326,27594.2303075181,25084.7530122451,26511.8160340331,31521.5177009922,29648.8501283163,31165.5088526345,30912.7448740919,30798.2781110206,35029.5087007958,32932.7407141878,30005.3421923403,21653.2458946539,23862.6676246687,26486.7180804171,0.0456322718001179,13.02,3359
"Q3UMB9","Kiaa1033","WASH complex subunit 7",141956.184006759,150633.890663282,142987.512413805,143977.901214243,146672.9030399,146430.372780103,148737.009945701,152048.768836742,155716.078377115,157016.993364661,152561.008346068,151042.867900509,147629.243259829,148271.635088548,163921.456995817,151389.516997406,0.0456322718001179,16.57,3291
"Q3V4B5","Commd6","COMM domain-containing protein 6",153010.146471817,185610.039918105,178276.521718542,172975.034922512,179582.617789887,183408.228883372,174557.450062752,178295.552124417,182272.241034987,204158.566346622,190351.101724535,193748.945097409,175934.518825897,191673.939184006,189592.908916324,189046.79379006,0.0456322718001179,16.32,7669
"Q4JIM5","Abl2","Abelson tyrosine-protein kinase 2",145075.731344974,161562.920688527,158427.476060933,163707.982267438,172243.656367285,159322.212658936,170476.341709544,164922.037254155,158340.781779168,164002.338264026,155813.454392047,153471.56353053,147338.438481739,149642.049463034,116433.276350757,149989.253155656,0.0402483458105069,9.96,10100
"Q4PZA2","Ece1","Endothelin-converting enzyme 1",13395.2935789887,15417.3873211169,15766.034227101,14602.8044349618,16903.7424849863,17053.6094588616,18362.3481291213,16870.9920496784,17485.1114254723,18440.0488521621,18692.1147752214,19411.9941063827,16523.4936469108,16826.6263495295,21099.4291164073,21498.8112161446,0.0456322718001179,16.55,1335
"Q56A08","Gpkow","G patch domain and KOW motifs-containing protein",6573.16044310166,6011.4922165291,5856.13828393467,8643.89522733268,4618.15481488851,5651.31527224824,4905.09161802414,4234.30614115679,7769.30878054513,5893.46901953648,4952.87616133234,4686.82575913639,6035.51303749764,5713.97107343222,6463.09270996113,5820.98658625786,0.0456322718001179,23.35,777
"Q5HZI9","Slc25a51","Solute carrier family 25 member 51",34274.5562008323,47214.6922095796,39768.107048172,39832.5767672201,46266.8570204982,38076.9675905751,35530.8572291225,37048.663644833,54121.4443478219,45865.0808194411,47334.7668272197,50706.2148360597,44857.0844768512,47004.5632390823,52832.200405986,43308.3868493109,0.0456322718001179,18.01,4571
"Q5RJI5","Brsk1","Serine/threonine-protein kinase BRSK1",305164.690360532,334670.619818587,334307.762411713,341150.112470588,381040.309390773,342801.493241161,342397.024447621,331030.890553989,355600.505402445,362704.06348778,352580.160627382,355642.263042444,323024.939594417,335057.669387853,332120.786726944,337202.494927936,0.0480399833261929,13.15,14570
"Q60963","Pla2g7","Platelet-activating factor acetylhydrolase",106687.894464626,94584.1390902705,103819.686624795,110017.256800373,100568.029991229,122590.122713566,118183.926332731,111760.688298119,115910.03976977,119539.718132779,118997.82173939,121813.069480751,116617.729392905,123725.909473778,179636.127267648,140439.513685538,0.0402483458105069,19.04,10587
"Q61249","Igbp1","Immunoglobulin-binding protein 1",49935.057079302,64164.3906304865,61488.2762797835,68748.3349456007,74533.520903432,66129.3600011213,60576.2763199055,73557.8550594285,76245.290167774,67004.1214761573,78585.5801405954,77955.7226914704,80234.3243106531,71032.4208965265,79141.8181598472,69706.1407070827,0.0456322718001179,16.66,4791
"Q62470","Itga3","Integrin alpha-3;Integrin alpha-3 heavy chain;Integrin alpha-3 light chain",27352.3468486251,31547.0044981991,30287.0148418449,29385.035319127,32190.5447651648,30783.2134958548,33577.769565943,32040.7926535423,31696.4999708288,39928.316202159,32041.7182672239,40174.4232799003,30628.0427898096,35126.8238526355,42234.1572853171,36557.9847727733,0.0492010126826746,17.2,2232
"Q64332","Syn2","Synapsin-2",2565492.15602184,2749120.51966227,3103783.81659197,2808520.12585032,3349140.11977509,2982494.4262636,3082416.87183023,3073098.98660098,2768517.31520384,3106293.67738537,2945275.25883217,2726736.43439677,2671123.37223382,2523180.06433261,2108498.26280384,2925029.10516847,0.0480399833261929,10.37,240294
"Q64337","Sqstm1","Sequestosome-1",191803.421583355,208627.707876815,210552.536672116,204233.301865523,202274.098621714,200176.12521064,199790.165969715,200488.760369251,228371.150996839,213915.747513172,217549.556991029,206993.006816382,232368.59259938,245751.566712736,201261.153061166,222976.859385144,0.0456322718001179,19.67,8659
"Q64520","Guk1","Guanylate kinase",178175.169129859,191951.585310651,173093.659611874,209190.965906602,185275.491500026,192021.849789994,184623.680977195,198758.055910647,240161.960861395,235753.983428337,221379.862932776,226664.282896518,196975.613145763,184013.332714752,181502.054819547,204751.953207119,0.0492010126826746,15.41,23646
"Q68FL6","Mars","Methionine--tRNA ligase, cytoplasmic",602627.36568186,646319.860923707,649110.686188188,636056.993050122,674915.27870064,715473.263118685,654596.633937203,615129.629425348,654292.442549986,668046.313662184,661945.595434259,604833.548027201,642152.001417985,640812.688164896,586637.205307769,576477.81743612,0.0492010126826746,10.71,23538
"Q6A009","Ltn1","E3 ubiquitin-protein ligase listerin",45929.615453796,43535.3804305955,48189.0818671228,42603.5841924315,47199.4828489329,49796.1163875463,47096.2950732507,51449.9735772092,49331.0150609575,47937.2891065881,48208.1041745461,41337.6218396666,44367.287297054,40677.6250573378,36810.5124515449,41556.9162681048,0.0456322718001179,10.52,3412
"Q6EDY6","Lrrc16a","Leucine-rich repeat-containing protein 16A",105463.770982019,115962.818328976,113623.15473312,113006.512062715,118246.44435247,120359.505631873,133080.773903897,125747.079892864,130874.198520273,140723.049357648,127806.910765367,121759.306754871,117219.387558791,118786.66000265,149534.574635264,140584.663343351,0.0480399833261929,16.35,6415
"Q6IMP4","Panx2","Pannexin-2",27784.5359740094,29074.4646802984,30254.8348659722,29741.3487127691,31864.1423053234,29297.4301790152,33194.3595155964,28834.2492265269,30794.1388320741,34271.4447616254,31027.5592946541,33556.377093161,33353.4535128403,30580.2148191192,42876.7868520461,36896.5102950573,0.0456322718001179,19.06,2009
"Q6KAU4","Mvb12b","Multivesicular body subunit 12B",17964.9245567593,20428.7598534278,17355.6103811014,19209.5522994862,20908.7578772324,17556.5763442355,18319.6122144394,20035.8071949535,22806.9937804357,21637.9149012156,21218.0509443048,23221.5631005158,22687.1962727447,20919.3239434933,19658.0913817699,16951.1365563521,0.0492010126826746,15.94,1560
"Q6NVE8","Wdr44","WD repeat-containing protein 44",412904.341910415,459622.459615944,456537.625414707,444900.457308651,472163.750082665,452675.106227656,450431.091984869,465511.83736752,459561.213361794,480049.846308049,484839.828715922,459834.004531619,448307.212560709,444151.636548535,379933.364690693,458513.623242338,0.0456322718001179,12.52,17394
"Q6P9J5","Kank4","KN motif and ankyrin repeat domain-containing protein 4",36449.5310988288,47119.6670335869,40013.8720764305,43114.1206770207,45086.4325108904,50122.9298996747,49114.2871547592,45131.7198552379,45412.4992437327,50941.20212486,36383.0157179922,46836.5725485278,51767.5941026843,47494.1111873876,92226.3329900411,58296.4551204533,0.0492010126826746,20.51,5738
"Q6PD26","Pigs","GPI transamidase component PIG-S",88486.2400586683,94520.6574070685,93270.9694583889,95551.3902134963,100523.563702658,95054.5367216733,98929.517767631,96910.329802028,109000.900678592,97672.5698623761,109587.534664906,110696.841501589,104874.6224952,105436.467543846,117145.793142305,112303.667511145,0.0402483458105069,18.12,5486
"Q6PEM6","Gramd3","GRAM domain-containing protein 3",3041.82463757059,4605.55491385453,3098.70102373175,4355.42397668377,3402.40476755606,2888.95832330033,3235.30211533291,3812.05783969693,4697.90122205083,5247.90787872204,4806.69281100648,4138.37706957078,4867.09626384989,5752.16374961239,4679.61954667661,4233.3536404549,0.0456322718001179,19.37,656
"Q6R0H7","Gnas","Guanine nucleotide-binding protein G(s) subunit alpha isoforms XLas;Guanine nucleotide-binding protein G(s) subunit alpha isoforms short",1026022.52222821,1235204.11227983,1111391.68698363,1118432.33948419,1179299.87115617,1158472.9200197,1109729.28511556,1187433.63597834,1225639.8392899,1191109.01669668,1212700.60894955,1273269.85849621,1125906.66418776,1123211.39179005,1047403.026914,1147960.60140928,0.0480399833261929,13.69,53118
"Q6R891","Ppp1r9b","Neurabin-2",791367.507060303,773610.849193138,871645.242117357,871633.409206438,845438.58169226,795630.296523763,754140.249272619,770289.584952785,754064.764429912,771514.2983089,776310.189224499,731441.301682834,753706.389218848,723973.097646801,664247.571522695,695195.822367651,0.0402483458105069,6.78,35476
"Q70IV5","Synm","Synemin",63780.042074488,73584.43378858,83975.5208202773,78681.2481522045,93653.7751200238,49710.5196177438,60948.3520148871,76244.7614629584,110493.684206929,85905.2780196183,99078.7934077122,117617.67874185,79730.0621717668,83599.2253907985,86471.9467507498,68990.1282677583,0.0480399833261929,17.16,17803
"Q78JW9","Ubfd1","Ubiquitin domain-containing protein UBFD1",182686.945565397,206442.876967546,209367.329724147,206495.345812327,217486.907538705,214994.572217258,244629.174026244,205699.782398648,237043.147552275,286369.798418797,210422.279009023,253692.960887175,222924.825189611,211169.061407565,274726.570379889,248491.455863515,0.0480399833261929,16.41,15953
"Q7TME0","Lppr4","Lipid phosphate phosphatase-related protein type 4",460393.203096765,488231.458008295,527967.285904487,498635.406301837,553754.698657586,534734.133045683,468965.800310623,491543.27017239,471717.39957424,512258.666702578,480817.17188714,448568.907964009,479312.35879581,457012.546745897,312040.717849368,446526.313700214,0.0492010126826746,9.17,31707
"Q7TMY7","Ipo8","Importin-8",7595.21329843462,10128.8718249066,10188.9084181105,8673.52436314667,10672.8497863183,10490.8548631668,12453.5771672596,11160.3441538039,11054.8176579447,10720.3754364751,11132.5460376297,11129.9077072997,9819.72418330157,10134.4989098853,10326.4543630537,10714.2180848947,0.0402483458105069,12.69,948
"Q7TPD3","Robo2","Roundabout homolog 2",295636.281309998,325821.547069973,350374.308340856,341825.633076029,348508.638111158,342062.61343077,329759.673422905,365171.418923993,348179.395656078,360230.793617991,370887.574788904,335563.248891826,331956.512713172,320444.09130973,190471.694065124,310008.733616867,0.0480399833261929,11.21,27525
"Q7TPH6","Mycbp2","E3 ubiquitin-protein ligase MYCBP2",579103.066752067,675269.730131285,666018.6095784,656524.801792182,693330.951164505,686622.580510723,689844.512902734,702332.346609131,627817.351562282,685795.276210454,686118.454780354,712079.225721275,632857.118412405,651956.037411754,551424.709716088,627657.306249775,0.0402483458105069,11.21,36757
"Q7TQI3","Otub1","Ubiquitin thioesterase OTUB1",2778092.39998051,3150507.42994097,3125533.71048096,2983722.35641196,3355810.76712806,3402602.46033701,3405697.52605067,3402583.88012465,3280885.40262787,3288241.81225208,3143329.15306501,3094145.59852884,3299875.74305017,3373809.77966077,3082371.1570917,3375002.82560346,0.0492010126826746,12.67,95123
"Q7TSY6","Celf4","CUGBP Elav-like family member 4",247328.282417913,249947.757970298,265622.518477983,267650.66144247,270589.021445872,260017.716021911,262992.968942866,279323.259987765,242395.846774649,288938.249239765,260215.599605189,222879.133487546,219030.070413829,242941.873086715,200958.867464138,240909.099479766,0.0480399833261929,9.38,15469
"Q7TSZ8","Nacc1","Nucleus accumbens-associated protein 1",16425.1411643928,16469.5401048275,15698.9259087414,14937.7193115328,14829.0708069335,17060.463682403,12749.7353185307,12484.6355611018,16407.3757778764,16673.3986077286,19523.118655393,20345.2227556893,20331.4935352122,18305.4601819221,19630.5540388456,20677.4462539437,0.0402483458105069,20.31,2046
"Q80TR4","Slit1","Slit homolog 1 protein",3732.25392713454,3243.10515437496,3494.54047106712,2590.15124952182,3329.0995233581,3920.43441109087,4743.62251525317,3096.35709474873,2379.48144689426,2894.66071930924,2954.73757544004,2389.45270441811,2533.6575639088,3669.1858729818,2553.06056112551,3026.32860302098,0.0456322718001179,6.69,479.6
"Q80TT8","Cul9","Cullin-9",74647.8498185127,79805.6226358743,73628.0286716887,76928.0421667464,73404.9536140033,73065.5987633457,63503.170323439,73670.0345116256,67975.2732673305,67292.7119834282,74406.2206650027,64314.6733620865,66173.5199806701,64770.8203540897,58207.9904140955,67285.9497411838,0.0456322718001179,6.13,3518
"Q80U56","Avl9","Late secretory pathway protein AVL9 homolog",338923.311662055,404805.459163971,387668.076639037,381298.340123474,371262.843183234,380894.129156644,388061.649710977,390519.123679631,398765.55127458,401633.721872241,405206.055288535,387846.185738178,367492.326591156,378901.232351518,320372.427214863,379429.432319094,0.0480399833261929,12.67,12998
"Q80U57","Rims3","Regulating synaptic membrane exocytosis protein 3",128701.376327885,154086.896772167,128033.805712714,143402.595161375,133962.584711834,134472.320940712,122344.435413688,125671.650280118,146000.393868727,116945.191094361,145081.368848496,158456.555803778,158735.193252534,156037.43278308,151547.622054096,154937.449103399,0.0480399833261929,21.39,9858
"Q80U78","Pum1","Pumilio homolog 1",150915.460825555,175445.189656831,173727.158310107,177873.552719278,183274.467851269,183718.307796013,164306.589727167,177246.751371972,196497.619854207,188068.610298422,214674.700497614,201612.05445397,193069.299937929,186477.64851329,143402.348041949,175941.567685813,0.0456322718001179,14.73,15190
"Q80U95","Ube3c","Ubiquitin-protein ligase E3C",182038.697369544,209056.34286188,211246.449170321,208435.298454572,209348.599046926,216367.731332602,202854.964857604,202966.93502581,223069.13063685,232318.139762675,216301.419858113,198492.315662181,198394.335521851,197896.195772632,197236.939925448,197404.653566106,0.0492010126826746,13.22,8122
"Q80V03","Adck5","Uncharacterized aarF domain-containing protein kinase 5",18183.2444751647,24702.0362085573,22475.4294902112,25679.732956543,19438.3795877737,26272.4191459968,30536.4573636187,27673.1371933227,32193.4802897334,32202.0859957221,30565.3997819674,35349.1616711065,28284.2821626332,29421.610409294,23179.8059980418,27183.3636469208,0.0402483458105069,15.55,4123
"Q80VM8","Pnmal1","PNMA-like protein 1",9538.48296664657,9816.76227237101,10055.5644226342,10657.1843022589,8322.08758815293,8358.46521076368,10770.0324762746,7897.65077030417,11644.5046424725,12233.9970426604,12743.3554043627,11329.0028705084,11552.2647067917,13259.4746184447,9689.94833691483,13983.0520931608,0.0456322718001179,19.32,1448
"Q80Y83","Dixdc1","Dixin",32923.5329961902,31541.6480657242,32467.7639665598,33106.039500024,33119.1952481648,33269.0541468556,30589.9396001402,31392.4827521764,32506.0484992201,29235.4096937967,30733.579467245,30464.8647465686,34236.2357478935,36194.0364340359,31743.1160097852,34246.5516316036,0.0492010126826746,0.59,1210
"Q8BFY6","Pef1","Peflin",428321.122495935,470461.487202335,446716.462789249,448779.627007033,459938.227789556,452928.411303486,447604.065802913,457839.785675992,482340.319873276,505137.200359176,485724.235203292,486942.493415822,434893.655656941,497085.534695626,489683.91518725,489315.261230573,0.0492010126826746,16.98,17450
"Q8BG05","Hnrnpa3","Heterogeneous nuclear ribonucleoprotein A3",2691119.49943885,2617249.37071219,2297489.31729222,2588676.61500671,2526307.18099196,2592610.6382051,2511995.59864064,2730557.8495438,2860990.83174258,2698642.95072726,3996788.11427113,3564233.18896725,3574634.45490312,3176913.54412108,3266366.44963438,2607930.63915095,0.0492010126826746,17.76,317468
"Q8BG81","Poldip3","Polymerase delta-interacting protein 3",78829.4060989177,82686.4436477929,78945.2358494833,86551.1950709854,87098.430637005,78111.5527269601,77047.2702282545,86272.0340907893,87477.9975124162,86724.9317052338,86637.3126082948,80629.398540313,89450.6789290895,85789.5933694404,91876.082285897,88733.3714450195,0.0492010126826746,19.6,2414
"Q8BGQ1","Vipas39","Spermatogenesis-defective protein 39 homolog",151247.20196374,191763.528863292,161297.929015288,183614.38115235,179951.631668056,162042.775449349,169536.620115225,175930.054474138,207645.30013685,196836.201465377,194427.47173642,204268.877939911,174495.009221219,183368.297115966,185781.73249265,179967.642919871,0.0456322718001179,16.32,12867
"Q8BGS1","Epb41l5","Band 4.1-like protein 5",9601.73672680262,10516.4629335678,8770.36796615318,8553.13655656966,10772.1075770437,6598.85166138769,8420.67555644481,8118.07255279561,7001.34412299133,7841.32552381994,5922.09299186983,6560.72496646993,5757.65372095552,13579.1478626969,6448.3764493953,5740.32352276387,0.0492010126826746,4.46,995
"Q8BHC4","Dcakd","Dephospho-CoA kinase domain-containing protein",80563.5189340051,86845.6844526136,77484.3427282315,81578.1431668615,84610.6639150721,82784.494416296,78194.8703270567,75771.0480184227,95166.7355932478,87425.8546281701,88185.2000395,94270.0737379335,87271.8080014753,80117.7520752658,110935.829350952,94894.0161134041,0.0492010126826746,18.92,4883
"Q8BLV3","Slc9a7","Sodium/hydrogen exchanger 7",19703.7425752119,23338.3364185071,19291.4005603066,23152.6017177295,20944.1514108729,16507.8811441538,22344.5867380505,24100.6974463821,25453.5637250697,24433.3875130901,23233.9218591053,22425.9539144402,28206.5833467281,26003.7039882564,32476.76015493,28935.4759646424,0.0402483458105069,20.35,2820
"Q8BM39","Prpf18","Pre-mRNA-splicing factor 18",10934.2573153842,11519.8015451441,11172.5393438954,12663.149965739,9887.00533261551,9791.55213507153,10513.1632382502,11683.8022384598,10391.8531883439,10570.5619450076,10622.5419303027,10726.2565800097,11120.5294871061,10825.8102709709,15488.6444288313,11170.8471767947,0.0456322718001179,23.69,865
"Q8BMC3","Shc2","SHC-transforming protein 2",324076.442962485,198219.410460141,197178.067063531,156326.432457503,182594.34051719,163052.333210005,160175.655027107,181380.569182275,188342.632146784,174041.187510377,135432.367519897,165948.031352336,154862.559975086,148291.501072239,152937.182479723,150191.995041733,0.0492010126826746,4.98,19747
"Q8BP48","Metap1","Methionine aminopeptidase 1",417171.040652314,489564.886717392,480195.848036798,461493.040060137,509170.56005291,489836.360112435,516436.356480594,497043.204373379,475517.690595739,488450.184771211,485267.007092849,462626.328080531,449785.013550991,468935.58001991,433673.88416966,486861.364857888,0.0456322718001179,10.88,20456
"Q8BSS9","Ppfia2","Liprin-alpha-2",453814.605544021,521263.193903519,515074.479144721,527978.373152967,556143.434945517,517739.635166247,528136.630140042,541034.234226704,525882.067936287,581510.976172674,540491.405979876,531715.416630157,463435.170153946,489306.197489465,422492.903164329,531502.127038603,0.0492010126826746,11.91,31819
"Q8BT51","COA4","Cytochrome c oxidase assembly factor 4 homolog, mitochondrial",2063.88395474212,2675.55343718005,1859.83308249768,2568.50363862477,2720.56214457491,2492.89231157861,2795.0591650491,2716.42338102498,2531.41134276084,2953.45375149093,3189.80024588893,3495.01404956004,3458.23145505961,3000.86630363085,3208.803717546,2802.06138657328,0.0442516556408812,17.03,270
"Q8BTJ4","Enpp4","Bis(5-adenosyl)-triphosphatase enpp4",71161.9977134403,89622.6803012648,79638.2309523387,79771.2380407626,93038.6143725173,70987.4820819164,77275.6608615353,78074.6921398044,102449.830375166,87018.3692008051,93366.7132741765,93683.9573606777,81553.4132952031,86892.9495012297,93526.2058384414,79547.6140100636,0.0480399833261929,16.67,6805
"Q8BVR6","Rspry1","RING finger and SPRY domain-containing protein 1",76461.3085382818,83640.3048228495,78874.6654346658,74123.4266968805,87018.6291547485,82380.155409374,82301.5001826653,83996.2443046701,84163.051962228,87063.361748551,97073.1638676081,86330.7977465373,78470.7390538394,85079.600438182,94561.7587726651,88830.4146842783,0.0480399833261929,15.85,3670
"Q8BW22","Ss18l1","Calcium-responsive transactivator",20822.5869393625,26295.0036714575,23527.8392600332,30007.3749327252,26402.7779062691,26593.2660488515,23887.4885616201,25722.4516279407,34540.3388364166,31918.4376556571,31732.885821156,34792.8369543576,31283.7589472031,28656.3837051162,26130.3426933179,27188.3563162452,0.0402483458105069,16.39,3817
"Q8BXV2","Bri3bp","BRI3-binding protein",155980.318649432,167254.079346757,170897.593385349,184114.653128806,202062.527681261,150834.864101183,165499.707485243,153653.702553499,199211.639486216,188798.936189331,185988.155636233,186867.533381657,180644.251506695,181005.621070429,196304.169210002,172980.058587882,0.0492010126826746,17.73,9839
"Q8C0L0","Tmx4","Thioredoxin-related transmembrane protein 4",300653.97385006,351231.170852622,324790.311400745,333855.088648213,353569.58432489,363522.685330805,316312.188871712,375473.802608321,337181.891168865,392280.562252506,400158.289192709,357834.648171971,326559.118057911,347942.935364176,291154.75728096,317265.112787772,0.0492010126826746,12.99,24222
"Q8CBF3","Ephb1","Ephrin type-B receptor 1",47771.1443232126,63050.0424019649,57052.2566354823,53726.7708333475,65519.3565362434,56616.6025100202,57508.7796793704,54653.5653532771,63447.121661207,68070.9505289415,50608.71896065,66572.2366871129,63742.3410783339,65672.8800851296,70352.1467811862,68219.906323731,0.0480399833261929,18.71,3504
"Q8CE50","Snx30","Sorting nexin-30",125081.25604982,146411.185155858,137783.281561726,138036.082929933,134968.905581206,137457.260334404,132155.145076208,133309.795398937,153410.399217929,158810.874313326,135868.519317115,144528.60120619,138672.247402971,135439.758166545,140013.500102417,149595.560352309,0.0492010126826746,17.24,5874
"Q8CG48","Smc2","Structural maintenance of chromosomes protein 2",3425.36643600576,2670.44003279032,3249.75848489444,2988.56492828827,3466.49890871921,3026.81142510162,4960.70806672411,3171.60625571176,3431.21611302366,3448.72152795506,3337.72520744739,3593.12867860646,3698.60733821095,3662.08545959548,3877.98033865512,4018.18725360873,0.0456322718001179,17.05,148.3
"Q8CGA0","Ppm1f","Protein phosphatase 1F",164033.722540505,184695.304823792,180660.92031415,189052.137936913,203880.807056016,190182.081756338,197060.305983885,192303.276116477,205638.509096684,221677.545071322,207776.974113896,227945.470587966,188232.535543559,198241.191184189,187265.634875959,208994.236885413,0.0402483458105069,15.16,15074
"Q8CIP4","Mark4","MAP/microtubule affinity-regulating kinase 4",177629.669026875,189764.5400345,202037.471518776,188580.228258732,240084.900088706,202200.861926013,203688.971057315,181148.740713321,223580.24865815,217492.993478403,198791.835596753,194896.973365583,184380.753893099,175121.433965826,119392.510050497,194592.874702904,0.0492010126826746,11.39,18882
"Q8CJ40","Crocc","Rootletin",240562.280205658,278747.524784759,271510.455204016,297502.805864426,262807.775174915,255220.350084726,273658.573158986,277878.873521175,288832.627445637,281302.014917238,280724.607614698,281878.385325996,251169.679221336,253189.638584939,192300.135640221,269639.835417317,0.0492010126826746,11.43,11490
"Q8CJ53","Trip10","Cdc42-interacting protein 4",1768.69431696831,2126.91604543701,2068.72485870837,1387.58147768616,1738.779865945,2050.08893246605,2045.23510771466,1943.09151289266,2388.9060820708,2143.4130849565,3378.91798632161,2285.32053592009,1298.55693505121,1408.33243732816,2088.43714666764,1557.64767446968,0.0480399833261929,13.52,732
"Q8JZQ9","Eif3b","Eukaryotic translation initiation factor 3 subunit B",778058.420455986,848048.193209408,834651.750402178,837533.29628031,912054.827271268,874120.756439819,890322.393498637,840537.174874568,846192.857785377,867012.248807418,861219.732520214,855038.751641377,872818.356892167,811508.11706591,806663.18083938,820941.279798749,0.0480399833261929,11.56,27593
"Q8JZR6","Slc4a8","Electroneutral sodium bicarbonate exchanger 1",142020.949305519,154445.820127296,145954.503861097,146451.232980495,159615.070098787,154975.124888403,153141.852286764,151514.900367925,153602.527510767,159944.945832447,161401.734820163,153887.091903216,172859.277877596,155909.051879309,154180.422876291,161114.555139505,0.0456322718001179,17.48,3969
"Q8K004","Spata2","",25859.8234433898,37501.6673812466,33729.2708314936,36123.2063186675,47302.952363601,30805.0146621142,36692.2662317942,34048.7989405607,44706.3392317509,37976.1145815863,56744.5750128388,49941.7366213922,43729.8999267155,37544.2768014161,40173.9420309195,43310.4820040268,0.0456322718001179,16.18,5707
"Q8K182","C8a","Complement component C8 alpha chain",25865.4444539727,8730.53359177437,10045.8469915562,11140.1831704181,4569.60714214955,6993.16754856526,13508.9918125585,8684.62629545953,8393.70573099091,12273.7032038021,6507.62421371326,10446.4981927462,14070.0948639462,14227.6155904212,14441.3324473037,15326.7730235461,0.0492010126826746,23.29,3335
"Q8K2C7","Os9","Protein OS-9",36846.7213348798,35536.4396954554,34757.4385220845,35464.1662024975,29229.6296824305,27717.9112336364,29138.4590953626,31931.0573656547,32478.0091472784,32299.4428194643,26620.3297188714,23475.7763639288,27131.6486582388,30406.4471665787,27520.106436641,25876.5644834204,0.0480399833261929,4.08,2489
"Q8K2H2","Otud6b","OTU domain-containing protein 6B",6164.3400037014,10822.4035176455,10850.1779149556,13225.8012711477,8000.07596336499,8266.92182840123,7440.62301222619,10495.2246129264,19338.7553080798,16570.6340405753,17136.3328207832,14911.9392546113,9690.6399711783,12138.4900718593,10555.7343694471,10129.0869622919,0.0456322718001179,16.97,4619
"Q8K353","Cystm1","Cysteine-rich and transmembrane domain-containing protein 1",27095.5784883245,29017.1221423674,29941.7513865492,29939.4971785135,27085.5523076727,27944.7938888179,28081.1766924048,28550.3450958129,25455.6829266616,24265.3393256658,27930.7049556138,24791.5646970121,28393.1763262177,28468.8330236186,30116.9164870384,27508.0386199949,0.0480399833261929,2.36,1564
"Q8K448","Abca5","ATP-binding cassette sub-family A member 5",201036.981831007,226801.348862924,216078.050016168,199269.390788771,224761.094107592,227881.611108639,229011.310039069,218373.721656118,243490.895004989,214200.061955589,249427.317816417,258529.001822215,228599.794445232,240143.094030093,262995.067194166,241669.334134272,0.0456322718001179,17.15,10928
"Q8K4P0","Wdr33","pre-mRNA 3 end processing protein WDR33",7221.11118444849,8580.03422831451,7401.11641562244,9294.91148578178,9612.15491183967,7293.83627795894,7786.02082393805,7912.41794351682,12740.6609027338,10489.6988163986,9759.3665566359,9743.97730850783,8185.36728893788,8950.67546660048,12179.3485972817,7797.87632589038,0.0492010126826746,16.76,1213
"Q8R010","Aimp2","Aminoacyl tRNA synthase complex-interacting multifunctional protein 2",22836.2397454189,24868.0169161664,23238.665585503,24840.340363434,28187.1726646979,23854.4853011755,24055.3144589907,24437.2738244628,25738.6100432243,26040.4914573731,28571.3274692369,25443.4796104779,23045.2068111147,23603.4153864564,22031.9318596154,22814.7623072618,0.0402483458105069,12.75,1495
"Q8R361","Rab11fip5","Rab11 family-interacting protein 5",340694.221814688,366650.407944719,351117.902880543,342622.786840468,389955.623960607,375588.951619188,351998.447592494,354202.849279746,368079.623878254,398415.275493849,392479.615266482,404859.20678353,370758.118591901,381209.239648727,446988.206854419,413468.257916904,0.0402483458105069,17.88,30006
"Q8R555","Crtac1","Cartilage acidic protein 1",114035.908960045,118722.351217954,125258.495955578,114452.020082891,127385.758615061,124470.981088469,129835.964673316,124905.632991383,116137.866428307,139055.783800387,131571.779524247,120484.831445001,102748.083997699,114324.291448097,88826.675861656,122584.096477025,0.0492010126826746,11.25,9356
"Q8R5A6","Tbc1d22a","TBC1 domain family member 22A",108474.291921956,112311.299023741,111868.621469389,109905.757888392,113876.913838481,115426.055422929,110484.638784058,118499.022806248,113236.154274727,102863.470440053,109455.223409998,103312.787435085,99431.8782026079,112845.347249029,85248.6541361275,103445.676073359,0.0480399833261929,8.89,5107
"Q8VBT9","Aspscr1","Tether containing UBX domain for GLUT4",117165.792855605,134322.771117259,136117.627680956,133832.281604924,135895.703536395,136227.01809617,135414.065705926,138455.071695365,144289.308927239,147497.228619661,137875.731684776,137686.106487802,144601.655513676,139201.306986298,138505.876560583,132415.821321932,0.0480399833261929,15.54,4207
"Q8VBV3","Exosc2","Exosome complex component RRP4",853.2249613881,1316.32449763071,1152.21569927955,1031.57489117374,1322.84563241385,1327.26303151119,1660.78097002214,923.430568540231,1593.34452330529,1269.13542111674,1372.47400405685,1830.5324434609,1042.22578210993,1129.07384777153,1186.84142718115,1251.48692105608,0.0492010126826746,14.1,205.6
"Q8VC31","Ccdc9","Coiled-coil domain-containing protein 9",34439.152592235,38320.284890558,39227.8275565317,43690.3453588383,46881.6230764379,34258.7143396152,33173.9861325091,33275.4533948889,51049.261324224,42375.2484337003,55048.6412427516,48673.379623494,49307.5703436565,51902.2653630299,44264.5501269246,35405.4449185674,0.0456322718001179,18.06,5492
"Q8VD12","Znf385a","Zinc finger protein 385A",29634.2672538413,32506.8800952259,29703.5411321856,31798.1110867227,30538.4013802741,32821.3590505418,29973.2137073725,27653.9929105051,34412.6789644413,31830.0961866952,34676.8049295788,34615.0307562236,36107.0326772345,31967.5531174255,45397.2388497467,33674.9301661432,0.0480399833261929,19.89,2313
"Q8VD63","Tspyl4","Testis-specific Y-encoded-like protein 4",50377.3406823147,55554.2483513808,48372.7001398752,57628.5036993758,57098.0974713775,48926.5438460775,55032.7474120537,50079.1673820509,63710.3822490582,63985.5133223324,58703.5683064609,65378.4722431126,59470.1478855191,64695.9448846359,72789.2347056002,60358.8883803144,0.0442516556408812,18.64,4291
"Q8VE85","Slmo1","Protein slowmo homolog 1",53062.0503688917,65512.1088389261,73448.3995911713,67031.2500225838,73498.6918614619,73552.4427051289,66414.3321353266,74428.2570362875,67779.8502918868,69851.3531535575,68223.9090542852,68946.9099244304,58920.7989522952,66320.3654206654,56551.7055655056,60067.4012494441,0.0456322718001179,11.01,5249
"Q8VE95",NA,"UPF0598 protein C8orf82 homolog",28506.9430754071,31926.7886162339,29041.0179355607,29973.0234724083,29868.530131265,25384.0456837879,26047.3040210385,25675.8270907947,29873.5872348902,27281.2687808879,29127.0089499566,32529.201244826,30010.9056443042,32083.3640931264,42405.0574628546,30170.1657991846,0.0456322718001179,21.78,2741
"Q8VHK1","Caskin2","Caskin-2",30101.2933131978,35764.7651312707,34024.7572639275,33421.4961009744,32629.8951087032,32010.381485869,34707.3395102864,38940.3193653279,35937.5475394228,36257.908010287,39456.0298258805,39471.0384206958,34006.3463744546,35548.592537552,39237.6253344838,39030.7091328834,0.0492010126826746,16.79,1597
"Q8VIJ8","Nprl3","Nitrogen permease regulator 3-like protein",14250.005618647,18830.5424236976,16579.3565280381,17893.8096990044,20018.8955021094,18273.9594348675,18588.0405436562,18256.6480372479,20057.302781913,20193.6410288478,17268.6571211285,19358.5524446854,17893.8677168696,17296.6431042055,16612.1585813023,16865.1881773217,0.0492010126826746,12.95,1258
"Q91WE4",NA,"UPF0729 protein C18orf32 homolog",9749.65889744925,13011.1501152071,10151.0237156207,11704.3379681461,13779.3697321605,13096.4363877907,9810.80998458817,12645.4096062273,14501.0029097088,11688.5057452552,13035.3760710506,13144.8244629456,13255.5148789824,13501.349476388,15260.1669538214,14176.0778885479,0.0456322718001179,17.99,859
"Q91WL6","Snx11","Sorting nexin-11",55102.9689844636,54112.6816729432,55112.052430259,54384.3469734606,61660.5137432461,54743.9668777861,50729.6481235754,54302.0696523031,50691.3307193201,53537.1118998923,58658.3983092364,50718.2012407928,50828.8806749508,50082.6403342767,41930.7928933087,49460.0871071762,0.0480399833261929,9.01,2548
"Q91XU0","Wrnip1","ATPase WRNIP1",202239.275120782,215680.096960023,201596.525528102,205207.502968736,207663.490274891,216838.869280121,221764.083000166,215398.777058283,223156.767034027,224721.622158342,227121.431209583,212024.966819454,199924.994497861,207694.70146595,218804.069820367,206769.259806549,0.0456322718001179,13.55,7585
"Q91YP2","Nln","Neurolysin, mitochondrial",631274.494368152,737151.678856197,748934.129244929,691038.945150109,763488.99837718,700940.275922604,686877.198401468,747175.725192937,725334.354857704,768574.111711291,767655.966431222,773348.477507166,684384.283588372,701217.508727183,523936.97100698,631112.294534834,0.0456322718001179,11.88,47147
"Q920E5","Fdps","Farnesyl pyrophosphate synthase",385506.442553884,416304.971750098,423530.211070478,414671.991909423,433499.209392703,452391.683509023,505053.639257476,431301.140802879,434037.923071579,443123.756845904,427423.156153999,405878.956234275,412630.819585768,392785.409140512,409684.083564469,425051.695410707,0.0456322718001179,10.9,21862
"Q921W4","Cryzl1","Quinone oxidoreductase-like protein 1",204633.231258717,240150.690917428,198775.870370559,216238.888985947,224097.325040684,212508.156343536,195370.647411205,229030.308435475,245811.05605382,262760.766191723,259757.036772213,266750.712342317,227844.217733027,237868.526334554,233169.237864649,236543.987665002,0.0402483458105069,16.72,20820
"Q922E4","Pcyt2","Ethanolamine-phosphate cytidylyltransferase",281495.310748341,332517.190832636,307909.206695141,324053.68829279,333982.67424672,322786.464016566,331535.519300899,319256.041603239,338499.60373488,338931.188121493,316609.147095306,326757.86380938,340771.686191149,333659.565249954,372891.150221413,349672.975644199,0.0456322718001179,19.04,10316
"Q924N4","Slc12a6","Solute carrier family 12 member 6",294785.310425812,354049.703181814,315752.191792966,347200.472605344,356726.301270344,320210.409612663,327970.390036176,344701.93480221,366778.517826458,352548.68212203,379763.390364647,373091.232613352,348581.18249249,355165.31599099,379429.320396932,356567.739288391,0.0456322718001179,16.98,15282
"Q925T6","Grip1","Glutamate receptor-interacting protein 1",138467.107404803,160070.727525748,166837.631555511,162510.395755519,184721.131294185,150289.353881239,144052.213546977,162398.446035148,191329.151427497,180968.866401114,195075.323210479,187398.715573113,162100.335690312,160565.113264542,127959.304637437,145629.471801896,0.0492010126826746,14.15,21596
"Q99JT1","Gatb","Glutamyl-tRNA(Gln) amidotransferase subunit B, mitochondrial",31045.7256082773,33646.5079711618,31576.9578400673,35028.9601357374,36813.4587277015,29950.2326335878,30513.326264229,35684.9678108194,34218.3228069822,33681.9235156118,31897.2270993662,36245.2823341411,28913.1803170164,28596.5131979645,29469.2802508383,29689.7109458695,0.0492010126826746,10.95,1746
"Q99JW4","Lims1","LIM and senescent cell antigen-like-containing domain protein 1",183978.743142283,210172.01754274,199872.301159533,197990.74627163,191391.37540684,195382.508883023,195445.928550099,205931.815958077,212085.507097493,219402.317478205,215957.039700824,222622.248516398,219224.680222622,199698.938803936,209237.621158154,196557.466911052,0.0456322718001179,16.78,9121
"Q99KN9","Clint1","Clathrin interactor 1",754169.694404226,801394.340165403,801643.286269566,819447.390756942,829824.748962994,854843.835613678,840844.367969077,798143.806962831,788578.182847416,783509.293389934,793861.884964384,747188.56045735,810964.538048707,790718.085931894,687162.110346563,738339.935009059,0.0480399833261929,8.94,30050
"Q99LN9","Dohh","Deoxyhypusine hydroxylase",48167.3777223497,56094.9160526345,50976.5980820882,48988.4282263988,58615.7103957928,51709.1811765023,52426.9381946585,52961.3088527647,55050.5914095102,47009.0422733783,49673.4031792292,47530.4167570471,43947.7543195333,42918.1395885136,36209.6276408312,50278.715612211,0.0456322718001179,9.38,3914
"Q99P31","Hspbp1","Hsp70-binding protein 1",71118.1610854313,85147.7043817895,82801.7197968573,83583.2602875169,87049.8536368305,85935.3153418612,84491.4007002324,88446.8297460147,81318.425059997,83034.6355635763,87597.1685957548,84497.645875182,81861.3451617935,78609.9492342906,79749.3884898289,79975.0997563062,0.0456322718001179,11.4,3262
"Q99PT1","Arhgdia","Rho GDP-dissociation inhibitor 1",227808.146944776,241642.198186663,251666.175514288,252659.340787401,244557.564272978,244725.875222133,259890.509584165,248824.980292859,263548.045377573,263173.508337408,267689.582142088,253954.562086153,250704.36606216,242614.582519933,212968.809455213,243235.613190292,0.0456322718001179,13.27,10139
"Q9CQ48","Nudcd2","NudC domain-containing protein 2",103815.479499701,107764.825345141,108744.389612188,109126.865246819,106543.419335616,114256.277006228,110139.190535594,107533.751393002,111396.635310114,109963.622168934,104741.343625134,105428.617911749,102957.253418192,101108.294188186,105288.912240027,98975.9271767646,0.0492010126826746,10.17,2954
"Q9CQ80","Vps25","Vacuolar protein-sorting-associated protein 25",73392.7321592703,100174.457377181,83858.2677389163,88466.346180776,118902.893351294,89361.6639854461,89591.8462345609,82988.2499402543,141669.18308724,122215.313951449,113942.332388124,115967.474968319,109968.005143708,107568.781619942,85624.3845138094,95900.110950418,0.0456322718001179,15.76,16941
"Q9CQA9","Ntpcr","Cancer-related nucleoside-triphosphatase homolog",73427.4373735833,74169.794783851,76126.6273905706,71770.7877915896,74336.4813280216,83121.9651959304,75361.7203790912,79942.6461971313,84340.2119277834,77318.535816206,74904.8775141819,83598.6222634514,84902.4128450279,79051.735250484,76446.447453708,89346.3021101878,0.0456322718001179,17.8,2512
"Q9CQD4","Chmp1b2","Charged multivesicular body protein 1b-2",19096.5716512948,22012.1252832972,20534.2880378279,22994.4906985262,25773.7692203831,23090.9879600494,18041.8005510947,22859.5552262461,26475.9445194195,29075.4313507873,23770.1138982373,26715.9367764128,22442.9260870374,23759.6282294615,21475.674187256,21973.0455501238,0.0456322718001179,15.24,2595
"Q9CQK7","Rwdd1","RWD domain-containing protein 1",333244.746969679,328274.427347448,375571.883401048,356274.36746525,313136.31578906,379607.454975469,369408.32824959,390628.972930282,311067.903621896,308276.560072331,348941.104944517,316255.643051209,333329.11452524,307014.640404043,293245.031944187,322753.639683388,0.0492010126826746,7.6,20193
"Q9CQT1","Mri1","Methylthioribose-1-phosphate isomerase",50075.9320876659,48855.4751713685,52634.6694251742,46549.3757910224,54926.6759164745,46321.9025839339,51231.8966768544,50313.737510914,55369.2475182716,57560.1969097972,54903.3520543658,58100.0336890338,51040.1780534426,53179.2380833878,53873.6713973916,48175.1732448867,0.0480399833261929,15.58,3148
"Q9CQX0","Otub2","Ubiquitin thioesterase OTUB2",58565.6606038191,58431.6933810199,52222.2692084974,56608.3087388091,56616.2004798148,51996.6857699445,51909.2878651591,46246.8377856665,51869.5407518827,46783.2179560856,47624.7243189405,47286.5024204401,57583.4159640026,58106.6608396815,49460.3078294773,53788.6613109263,0.0456322718001179,1.73,3779
"Q9CQY2","Fam103a1","RNMT-activating mini protein",42103.9407469445,42003.0993430453,40859.7096104813,42552.7082749111,43779.3442485941,43187.206746658,39250.5051017813,43957.9429349717,37588.640021377,47029.8243188555,44106.2491317903,43969.6779274901,36430.3013683823,38643.5937432257,43113.7168762479,36590.33183903,0.0492010126826746,10.97,1675
"Q9CR09","Ufc1","Ubiquitin-fold modifier-conjugating enzyme 1",204290.465733638,186403.012147402,178754.110385951,194205.791773117,221146.464030892,201998.484073653,200372.453857665,232708.604685726,212424.759292589,284200.968114971,248296.21370288,220589.41330209,201856.067239848,209166.055785312,197890.233414861,244831.472902155,0.0456322718001179,14.93,21094
"Q9CR29","Ccdc43","Coiled-coil domain-containing protein 43",25865.3872354779,36959.3579760953,36818.1583160012,37907.0691138981,49550.0997425045,31744.7015711888,31387.3318629862,32609.6258869061,47226.1156135156,44468.3683567267,50714.3565518915,57416.7765107454,44701.770509338,42888.5443838823,35473.8666113317,45320.2398099006,0.0480399833261929,16.67,6812
"Q9CYI0",NA,"Protein Njmu-R1",57219.2334087287,73106.2079813226,62123.5180837333,71565.5963713183,65410.4142810413,68738.0430861455,73960.6388264403,76319.2458515325,75723.1676001177,76814.0672892055,77635.187457369,77641.1657060572,68868.1523025779,76731.1511245572,73133.1398889034,78074.5978283247,0.0456322718001179,15.93,3920
"Q9CZG3","Commd8","COMM domain-containing protein 8",287161.51869646,305246.24828001,299582.680146016,290894.787774449,304152.101016872,310498.679097822,321323.18900883,307871.333099305,339069.653385374,316658.797198864,327679.653410622,325247.608263797,289374.877112049,257471.538143717,289531.810398953,300691.338004176,0.0402483458105069,12.95,18128
"Q9CZH7","Mxra7","Matrix-remodeling-associated protein 7",8593.30868127398,11710.7195117395,8972.88083009465,8476.864353821,8766.6140395801,8930.76707430066,6672.31529230838,7170.18213951696,6438.33288528867,6020.92529195824,5755.47046141593,6447.91640958839,5618.4060911552,7215.47595423875,7110.76840506879,8202.85551760864,0.0402483458105069,3.93,1177
"Q9D1E6","Tbcb","Tubulin-folding cofactor B",89978.183975277,109808.124483932,101371.075096234,116373.313443132,116780.488510812,95418.2031942739,103649.727910222,103398.53326669,119770.166615267,119184.83178941,118382.862626384,123434.80047031,118133.720454337,119895.874751952,123697.791156291,109430.702228791,0.0456322718001179,17.82,7134
"Q9D1L0","Chchd2","Coiled-coil-helix-coiled-coil-helix domain-containing protein 2",79138.0640280479,89295.8623090667,89798.6099505247,84410.5608627445,93109.3107783183,96475.842843987,80765.0311999077,86138.3983362495,78045.9186986809,78129.5101794704,80231.0115496287,78815.1119418857,74246.1953840163,81569.0013636838,71425.653611222,66217.1965162523,0.0402483458105069,8.13,5549
"Q9D486","Cmip","C-Maf-inducing protein",172383.049697091,170126.595880558,162928.026148793,159907.050842386,166746.344692442,169616.147894989,175886.248202236,176921.572542508,176194.313757289,181297.329792623,182505.669685027,164444.59231581,152387.665945848,156212.623663177,120785.39290142,167925.699672451,0.0456322718001179,11.27,10801
"Q9D6J6","Ndufv2","NADH dehydrogenase [ubiquinone] flavoprotein 2, mitochondrial",709476.127325756,854665.812593818,816694.633529753,817703.884782895,803347.336317077,847772.714249426,817995.912467852,826586.088082509,871344.244024011,818688.270577888,867989.171288744,832498.063716795,873391.07116241,833493.576456575,878363.775828295,854253.964410562,0.0480399833261929,17.79,76787
"Q9D8Z1","Ascc1","Activating signal cointegrator 1 complex subunit 1",39962.6522886923,38472.6871711799,34347.8471079212,40427.9423010945,41649.0939152302,42823.1839782728,40502.615442734,41282.2858092725,40680.8548483733,43175.3409925867,40486.4647996703,44196.4128588314,35555.3527070564,40530.4951603779,38710.8787471012,42815.6400718256,0.0492010126826746,13.1,1947
"Q9DB30","Phkg2","Phosphorylase b kinase gamma catalytic chain, liver/testis isoform",20835.4178011353,20295.1967406821,16029.1814323083,21645.1628451815,21593.1376204663,24836.4810923906,21216.0238757975,21169.9844883879,18592.9677066904,16178.156237907,15327.5277717016,19392.0567311926,19878.6907214945,19239.8546754651,15134.5112116051,17775.6198671576,0.0456322718001179,7.45,2074
"Q9DC69","Ndufa9","NADH dehydrogenase [ubiquinone] 1 alpha subcomplex subunit 9, mitochondrial",934332.429459622,1174212.03623544,975363.69916944,1078570.92961293,1137216.39400268,1146697.52404027,1006374.43050684,1003877.68625986,1131219.86612023,1103639.26406471,1215127.04154569,1344908.01547947,1218074.88821454,1170289.50810772,1540273.62892912,1312193.38674717,0.0456322718001179,19.02,88179
"Q9DCG9","Trmt112","Multifunctional methyltransferase subunit TRM112-like protein",20071.7041824925,21248.3447622193,21836.0390485307,18875.3651231996,19191.0162095791,22253.4468314413,27188.9983479632,25441.4295918419,26212.138820953,25227.6873289004,20007.6713244849,24215.1758947904,17732.1547595236,17965.1633296372,21334.1786585772,16986.2803794421,0.0492010126826746,11.84,2701
"Q9DCM0","Ethe1","Persulfide dioxygenase ETHE1, mitochondrial",401373.950987112,520089.569350128,440185.216904372,430029.955112389,442809.871470079,494081.115151691,497757.200654537,476140.012247389,495515.918229469,503475.968207703,510102.808566719,473587.247366459,521727.530592407,519542.744036437,645829.879527254,573817.567249878,0.0402483458105069,19.22,34196
"Q9DCU6","Mrpl4","39S ribosomal protein L4, mitochondrial",52141.7521880229,50690.6520505299,52045.3632303623,52717.8225403553,57320.787847058,54893.7742307067,51271.1994830081,56027.5408217069,58952.4748210751,58150.4522806213,51822.3483458921,52888.3699520262,50639.9679069948,51703.8541474724,50695.1189597702,50259.4921775842,0.0456322718001179,12.23,2426
"Q9EQQ9","Mgea5","Protein O-GlcNAcase",441559.328019633,480450.868821862,466109.78277896,521748.205454016,511966.15372137,490825.17210775,507153.172670444,493968.224423552,538755.031783682,545068.510587903,517463.970916955,515616.675755286,488773.346444352,481554.464240846,365620.776608287,505323.789196472,0.0456322718001179,12.82,29493
"Q9EQX4","Aif1l","Allograft inflammatory factor 1-like",2219.5725677935,3176.32910744496,2800.19533293614,2347.99038354236,1660.82568330869,2034.23260380109,3088.35563930742,2664.37591892477,3080.02193009288,3358.19541622887,3665.8501383855,4204.6642311997,3057.70210820455,2678.89976997662,4986.74095010547,3409.48310033494,0.0480399833261929,18.92,546
"Q9ER00","Stx12","Syntaxin-12",491679.340729447,579039.317023371,555464.238372569,667103.774240351,637611.031277811,553987.989395182,580462.94196146,591747.696881375,779720.30192973,797547.782357591,750388.146547744,787933.09062571,644937.320732826,636541.677022989,556285.156122782,636305.421824561,0.0456322718001179,15.08,110568
"Q9ER35","Fn3k","Fructosamine-3-kinase",427429.076516201,525874.854772338,505744.099123906,517332.40741404,519799.891544145,512825.106390478,543786.975849943,521911.393194889,489178.996074541,491101.063334928,480270.771963676,477912.009782212,492078.475573619,494870.083368328,503520.994014206,481198.907916423,0.0442516556408812,8.6,14125
"Q9ES34","Ube3b","Ubiquitin-protein ligase E3B",19989.6930755586,21059.9755803459,23266.5269227521,23265.7833564408,21529.6974743426,25026.9092236302,23708.9864736602,22866.1864663131,22409.1278361245,21477.4959655052,19081.5241571233,20966.3028141299,21164.4756657335,20215.0743458602,20010.1768634802,18288.6662311255,0.0480399833261929,8.68,1336
"Q9EST3","Eif4enif1","Eukaryotic translation initiation factor 4E transporter",17654.2676130442,18391.2621083606,17665.6281046245,19001.4356757933,17683.2619565451,18263.918973515,17611.5222117348,18839.6860209695,19963.6022037596,18977.4673555027,19744.6968664033,19965.4606885078,20735.6438533651,18555.3871550411,20139.1261336979,21340.7839927913,0.0442516556408812,20.04,729
"Q9JHE3","Asah2","Neutral ceramidase;Neutral ceramidase soluble form",13873.1839059229,16579.8530903522,17361.7589909767,14800.5794179565,18602.8070569582,15153.3646525336,17289.0112039948,20686.4933082788,17370.4076096285,18226.5128891412,15885.6539119137,19353.7843095283,18630.3098973819,20097.9005418735,23683.9696591585,20676.0012681516,0.0456322718001179,18.69,1277
"Q9JHL1","Slc9a3r2","Na(+)/H(+) exchange regulatory cofactor NHE-RF2",282474.553354697,308950.070593106,279912.411006016,290542.791655885,282570.104277871,276154.188122073,289522.235406589,288000.305890009,281277.811939766,289602.70962022,295734.589260692,296992.747629673,297096.897116216,314123.466457948,366692.536279023,297807.470788259,0.0480399833261929,21.76,12807
"Q9JI44","Dmap1","DNA methyltransferase 1-associated protein 1",11184.95061073,9644.38725939686,10857.267710361,10832.9774358409,15770.1970245291,10167.9213491015,10280.0623522096,11042.2976306388,10462.8670168926,10673.2960536109,9994.74239525162,9448.02237613557,9550.4609998891,9548.49476625397,8833.43762868222,9407.93239238752,0.0456322718001179,8.89,1002
"Q9JJU8","Sh3bgrl","SH3 domain-binding glutamic acid-rich-like protein",1340154.34348864,1340208.6200886,1444866.47628834,1438159.46898062,1530804.25832848,1494202.21038903,1555551.25952505,1485166.75811849,1354896.37802514,1477291.50702009,1578925.67900482,1322778.01420821,1243669.04456319,1309438.74380002,1243564.66546815,1209944.23247463,0.0402483458105069,10.49,110835
"Q9JLN9","Mtor","Serine/threonine-protein kinase mTOR",623624.174498287,669409.657916901,662443.313366069,676157.366758388,664189.291304807,663574.839216123,681292.857124657,671958.059828424,670409.072682184,678033.393519721,703185.472349946,677370.334439186,669117.980246936,651804.444702656,609767.487643628,450197.976641181,0.0456322718001179,10.96,32935
"Q9QZ08","Nagk","N-acetyl-D-glucosamine kinase",297105.049881211,284770.266400847,318632.831965143,299825.912828932,302251.226928428,283597.35122083,326397.884668526,313128.177277613,318825.167553337,357771.32045167,307827.346609141,314415.828166186,280161.306361762,278636.695545105,250907.962309514,304961.087245843,0.0456322718001179,12.47,16578
"Q9R194","Cry2","Cryptochrome-2",20127.0563776765,18820.7068298525,22361.5234662052,19838.0039072574,13768.8225499337,17981.3088480174,13408.5155369289,18033.5499528686,20988.8986013315,18086.3330138048,15863.3237255672,19084.8595886676,18427.5165236561,23033.7857376717,17942.7145958781,18747.4800724122,0.0492010126826746,22.77,2099
"Q9R1J0","Nsdhl","Sterol-4-alpha-carboxylate 3-dehydrogenase, decarboxylating",58689.6234429333,71199.2830017611,71064.5650097973,57862.8332150139,69997.186211327,72163.1494205324,65534.6478919932,71440.2030115254,76680.5443764268,72914.9947051638,74797.7014057766,74559.3667983443,64280.2522204102,64860.8837364349,65386.0879944529,73629.6283698554,0.0456322718001179,14.1,4589
"Q9R1P1","Psmb3","Proteasome subunit beta type-3",1155761.52061686,1270004.59125314,1243279.23628939,1297700.94636401,1325972.33730952,1320926.73514104,1301294.2135727,1354985.9279537,1282336.56134587,1404040.25469847,1298401.09718744,1279933.21911916,1275453.45479032,1286456.37347317,1162572.67144124,1209794.45009267,0.0456322718001179,11.96,53513
"Q9WTL7","Lypla2","Acyl-protein thioesterase 2",175019.908117405,275507.305123235,256733.294660014,272458.555455614,312005.560239243,216237.688410598,246702.516478931,243144.155229508,337201.102249819,302444.986415133,306015.543605385,357952.648865968,287225.865826015,300720.868666844,320439.473263899,254812.779285055,0.0456322718001179,16.72,34987
"Q9WTX6","Cul1","Cullin-1",444278.403658609,547776.007567944,466225.769773076,505300.844159084,513298.972545992,507023.910724062,471979.657597863,494907.558336252,554803.944105174,539768.986799433,544159.88470678,564235.053619773,512168.467708243,515127.746149272,532379.033602412,549041.983598661,0.0442516556408812,16.83,25959
"Q9WU22","Ptpn4","Tyrosine-protein phosphatase non-receptor type 4",36584.7550930211,40699.5412155294,34890.5367346333,35744.9825915861,37395.2917158917,34682.3262861712,31661.089427139,41254.7211275255,36969.7895743672,36975.764667193,37541.9443073758,38417.5028460616,42136.3732592417,43661.4925766259,44012.9653489406,38501.7133165051,0.0492010126826746,21.4,2076
"Q9WUM3","Coro1b","Coronin-1B",593047.32142721,837567.295770841,710401.494230451,826881.192200361,878489.920852659,659639.467735906,712443.155782652,711131.826948826,995667.435952842,807199.179204299,900020.669281454,1025415.82621063,838303.205648973,838690.544181717,886190.862537001,760986.170900314,0.0480399833261929,16.93,90397
"Q9WUM4","Coro1c","Coronin-1C",729467.168185453,866471.724513604,797075.793899075,922956.495499786,951270.203397457,914924.721761498,881113.299378483,869430.179688679,923515.653299612,1101252.06769795,1048622.90935285,987443.155054913,908737.380358031,978709.274316666,857157.576134371,980156.113070951,0.0456322718001179,15.49,74851
"Q9WVL6","Extl3","Exostosin-like 3",15565.2341354308,20968.4732665199,15727.5842981284,18682.0584868833,19182.8799012526,16489.4322124682,14783.9458522409,17348.844176942,21582.9370568762,19599.3289432907,22982.5374774407,21527.0133916227,19104.3114915375,19470.1743300665,15681.3426330465,18984.835639819,0.0492010126826746,16.82,2377
"Q9Z224","Mocs2","Molybdopterin synthase sulfur carrier subunit",75256.4391161499,91029.719181154,91702.5955980254,91971.5326430177,86567.7702653848,97282.8940950306,96467.380859624,92824.4764887365,94494.6059620541,98363.5456413561,95878.8848569663,98544.6538998248,98415.7537518531,90430.4189689598,101933.718173668,98791.4810139095,0.0480399833261929,16.58,3286
